"Species","Reflectance_Spline_Coefficients","Log_Reflectance_Spline_Coefficients","Reflectance_AIC","Log_Reflectance_AIC","Reflectance_BIC","Log_Reflectance_BIC","Reflectance_logLik","Log_Reflectance_logLik","Degree_Reflectance","Degree_Log_Reflectance","RGB_Color","Internal_knot_1","Internal_knot_2","Internal_knot_3","Internal_knot_4","Internal_knot_5","Internal_knot_6","Internal_knot_7","Internal_knot_8","Internal_knot_9","Internal_knot_10","Internal_knot_11","Internal_knot_12","Internal_knot_13","Internal_knot_14","Internal_knot_15","Internal_knot_16","Internal_knot_17","Internal_knot_18","Internal_knot_19","Internal_knot_20","Internal_knot_21","Internal_knot_22","Internal_knot_23","Internal_knot_24","Internal_knot_25","Internal_knot_26","Internal_knot_27","Internal_knot_28","Internal_knot_29","Internal_knot_30","Internal_knot_31","Internal_knot_32","Internal_knot_33","Internal_knot_34","Internal_knot_35","Boundary_knot_1","Boundary_knot_2"
"TanCyo","4.69, -1.95, 2.17, 0.58, 2.96, 2.43, 1.04, 2.21, 1.82, 1.93, 1.81, 2.03, 2, 2.36, 2.73, 3.21, 3.87, 4.33, 4.68, 5.22, 5.37, 5.47, 5.42, 5.15, 5.21, 4.48, 4.25, 3.78, 3.03, 2.75, 2.14, 2.17, 2.39, 1.74, 1.88, 1.28, 2.3, 1.5, 2.08","1.54, -0.44, 0.46, 0.08, 0.52, 0.4, 0.22, 0.39, 0.33, 0.34, 0.33, 0.36, 0.36, 0.41, 0.46, 0.52, 0.6, 0.65, 0.69, 0.75, 0.76, 0.77, 0.77, 0.74, 0.75, 0.67, 0.65, 0.59, 0.5, 0.46, 0.38, 0.38, 0.41, 0.32, 0.34, 0.24, 0.4, 0.28, 0.37",-447.3,-1746.1,-287.74,-1586.54,264.65,914.05,3,3,"#52574BFF",311.111111111111,322.222222222222,333.333333333333,344.444444444444,355.555555555556,366.666666666667,377.777777777778,388.888888888889,400,411.111111111111,422.222222222222,433.333333333333,444.444444444444,455.555555555556,466.666666666667,477.777777777778,488.888888888889,500,511.111111111111,522.222222222222,533.333333333333,544.444444444444,555.555555555556,566.666666666667,577.777777777778,588.888888888889,600,611.111111111111,622.222222222222,633.333333333333,644.444444444444,655.555555555556,666.666666666667,677.777777777778,688.888888888889,300,700
"TanLab","8.74, 3.72, -5.3, 1.19, -2.37, -3.35, -3.7, -4.4, -4.37, -3.82, -3.39, -3.2, -2.93, -2.16, -1.96, -1.35, -0.52, 0.41, 0.81, 2.97, 3.67, 4.39, 5.24, 5.24, 5.53, 5.12, 4.02, 3.55, 2.66, 2.07, 1.9, 1.99, 0.71, 0.99, 2.1, 0.76, 3.98, 1.55, 2.86","2.17, 0.42, -0.65, 0.14, -0.3, -0.49, -0.56, -0.7, -0.69, -0.57, -0.49, -0.46, -0.41, -0.28, -0.25, -0.16, -0.06, 0.05, 0.09, 0.3, 0.35, 0.41, 0.47, 0.47, 0.49, 0.46, 0.38, 0.34, 0.27, 0.21, 0.2, 0.21, 0.08, 0.11, 0.21, 0.09, 0.38, 0.17, 0.28",94.04,-1354.85,253.6,-1195.29,-6.02,718.42,3,3,"#686446FF",311.111111111111,322.222222222222,333.333333333333,344.444444444444,355.555555555556,366.666666666667,377.777777777778,388.888888888889,400,411.111111111111,422.222222222222,433.333333333333,444.444444444444,455.555555555556,466.666666666667,477.777777777778,488.888888888889,500,511.111111111111,522.222222222222,533.333333333333,544.444444444444,555.555555555556,566.666666666667,577.777777777778,588.888888888889,600,611.111111111111,622.222222222222,633.333333333333,644.444444444444,655.555555555556,666.666666666667,677.777777777778,688.888888888889,300,700
"TanRue","5, 0.82, -0.09, -0.08, 0.15, 0.26, 0.46, 1.22, 2.11, 2.34, 2.73, 2.91, 3.06, 3.45, 3.88, 4.91, 5.62, 7.54, 8.41, 11.13, 13.4, 16.33, 18.65, 20.66, 21.7, 20.51, 18.01, 14.92, 11.61, 9.33, 7.5, 6.52, 5.85, 5.63, 4.63, 4.8, 4.96, 4.76, 4.96","1.61, 0.15, -0.02, -0.03, 0.04, 0.05, 0.09, 0.22, 0.35, 0.38, 0.44, 0.46, 0.48, 0.52, 0.58, 0.69, 0.76, 0.92, 0.99, 1.18, 1.31, 1.46, 1.55, 1.64, 1.68, 1.63, 1.53, 1.39, 1.21, 1.06, 0.92, 0.83, 0.77, 0.76, 0.66, 0.67, 0.69, 0.67, 0.69",-160.62,-1470.6,-1.06,-1311.05,121.31,776.3,3,3,"#7B804EFF",311.111111111111,322.222222222222,333.333333333333,344.444444444444,355.555555555556,366.666666666667,377.777777777778,388.888888888889,400,411.111111111111,422.222222222222,433.333333333333,444.444444444444,455.555555555556,466.666666666667,477.777777777778,488.888888888889,500,511.111111111111,522.222222222222,533.333333333333,544.444444444444,555.555555555556,566.666666666667,577.777777777778,588.888888888889,600,611.111111111111,622.222222222222,633.333333333333,644.444444444444,655.555555555556,666.666666666667,677.777777777778,688.888888888889,300,700
"TanChi","1.55, 1.35, -0.19, 1.46, 0.56, 0.57, 0.57, 0.69, 1.05, 1.26, 0.99, 0.73, 0.39, 0.37, 0.46, 0.26, 0.38, 0.95, 0.5, 0.3, 7.54, 34.96, 46.12, 56.4, 64.09, 65.77, 61.82, 52.02, 40.41, 30.95, 23.94, 19.55, 17.1, 15.73, 13.86, 13.96, 12.72, 12.91, 12.59","0.44, 0.71, -0.09, 0.7, 0.3, 0.32, 0.3, 0.36, 0.53, 0.59, 0.5, 0.39, 0.23, 0.22, 0.26, 0.16, 0.2, 0.54, 0.16, 0.47, 2.19, 3.23, 3.41, 3.64, 3.74, 3.77, 3.71, 3.55, 3.31, 3.06, 2.81, 2.62, 2.49, 2.42, 2.3, 2.3, 2.22, 2.23, 2.21",-261.07,-998.58,-101.51,-839.03,171.53,540.29,3,3,"#C9AB00FF",311.111111111111,322.222222222222,333.333333333333,344.444444444444,355.555555555556,366.666666666667,377.777777777778,388.888888888889,400,411.111111111111,422.222222222222,433.333333333333,444.444444444444,455.555555555556,466.666666666667,477.777777777778,488.888888888889,500,511.111111111111,522.222222222222,533.333333333333,544.444444444444,555.555555555556,566.666666666667,577.777777777778,588.888888888889,600,611.111111111111,622.222222222222,633.333333333333,644.444444444444,655.555555555556,666.666666666667,677.777777777778,688.888888888889,300,700
"TanVel","3.55, 1.24, 0.14, 0.04, 0.4, 0.06, 0.67, -0.29, -0.08, 0.18, 0.1, 0.54, 0.76, 1.55, 2.23, 3.07, 3.71, 4.1, 3.68, 2.89, 2.1, 1.38, 1.08, 0.88, 0.9, 0.91, 0.78, 0.98, 0.78, 0.95, 0.8, 1.17, 0.97, 1.25, 0.99, 1.26, 1.52, 1.57, 1.5","1.27, 0.32, 0.03, 0.01, 0.1, 0.02, 0.18, -0.08, -0.03, 0.05, 0.03, 0.14, 0.2, 0.37, 0.49, 0.63, 0.72, 0.77, 0.71, 0.6, 0.47, 0.33, 0.27, 0.22, 0.23, 0.23, 0.2, 0.24, 0.2, 0.24, 0.2, 0.29, 0.24, 0.3, 0.25, 0.3, 0.36, 0.36, 0.35",-667.03,-1691.01,-507.48,-1531.45,374.52,886.51,3,3,"#3D3E44FF",311.111111111111,322.222222222222,333.333333333333,344.444444444444,355.555555555556,366.666666666667,377.777777777778,388.888888888889,400,411.111111111111,422.222222222222,433.333333333333,444.444444444444,455.555555555556,466.666666666667,477.777777777778,488.888888888889,500,511.111111111111,522.222222222222,533.333333333333,544.444444444444,555.555555555556,566.666666666667,577.777777777778,588.888888888889,600,611.111111111111,622.222222222222,633.333333333333,644.444444444444,655.555555555556,666.666666666667,677.777777777778,688.888888888889,300,700
"TanCal","3.94, 2.11, 0.78, 2.27, 2.31, 3.22, 3.33, 3.9, 4.91, 5.57, 6.93, 10.17, 14.3, 19.43, 23.33, 26.77, 30.07, 34.12, 37.03, 42.26, 47.17, 52.55, 58.67, 64.55, 71.77, 76.04, 79.95, 81.57, 80.83, 78.42, 75.67, 70.98, 66.98, 61.25, 57.57, 51.81, 49.36, 45.43, 45.78","1.37, 0.45, 0.18, 0.45, 0.46, 0.6, 0.61, 0.69, 0.81, 0.88, 1.03, 1.29, 1.55, 1.79, 1.94, 2.06, 2.16, 2.27, 2.34, 2.46, 2.56, 2.66, 2.77, 2.86, 2.96, 3.01, 3.06, 3.08, 3.07, 3.04, 3.01, 2.95, 2.89, 2.81, 2.75, 2.65, 2.61, 2.53, 2.54",-209.85,-1636.12,-50.3,-1476.56,145.93,859.06,3,3,"#FFCD80FF",311.111111111111,322.222222222222,333.333333333333,344.444444444444,355.555555555556,366.666666666667,377.777777777778,388.888888888889,400,411.111111111111,422.222222222222,433.333333333333,444.444444444444,455.555555555556,466.666666666667,477.777777777778,488.888888888889,500,511.111111111111,522.222222222222,533.333333333333,544.444444444444,555.555555555556,566.666666666667,577.777777777778,588.888888888889,600,611.111111111111,622.222222222222,633.333333333333,644.444444444444,655.555555555556,666.666666666667,677.777777777778,688.888888888889,300,700
"TanMex","2.83, 0.4, 1.14, -1.12, 1.19, 0.19, 1.09, 0.74, 1.22, 1.4, 0.89, 1.52, 1.24, 1.46, 1.33, 1.5, 1.51, 1.61, 1.45, 1.67, 1.63, 1.61, 1.65, 1.62, 1.76, 1.8, 1.65, 1.71, 1.73, 1.89, 1.7, 2.03, 1.66, 2.46, 1.71, 2.76, 1.65, 3.07, 2.37","1.04, 0.11, 0.45, -0.52, 0.44, 0.04, 0.35, 0.22, 0.37, 0.4, 0.28, 0.43, 0.36, 0.42, 0.39, 0.43, 0.43, 0.45, 0.42, 0.46, 0.45, 0.45, 0.46, 0.45, 0.48, 0.49, 0.46, 0.47, 0.48, 0.51, 0.47, 0.54, 0.46, 0.63, 0.48, 0.69, 0.47, 0.74, 0.61",-469.41,-1269.97,-309.85,-1110.42,275.7,675.99,3,3,"#433A37FF",311.111111111111,322.222222222222,333.333333333333,344.444444444444,355.555555555556,366.666666666667,377.777777777778,388.888888888889,400,411.111111111111,422.222222222222,433.333333333333,444.444444444444,455.555555555556,466.666666666667,477.777777777778,488.888888888889,500,511.111111111111,522.222222222222,533.333333333333,544.444444444444,555.555555555556,566.666666666667,577.777777777778,588.888888888889,600,611.111111111111,622.222222222222,633.333333333333,644.444444444444,655.555555555556,666.666666666667,677.777777777778,688.888888888889,300,700
"TanIno","4.5, -0.17, 1.54, 1.37, 3.12, 1.65, 2.08, 2.76, 2.61, 3.16, 3.62, 3.69, 4.02, 4.32, 4.43, 4.68, 4.91, 5.22, 4.93, 5.49, 5.4, 5.64, 5.55, 5.59, 6.14, 6.06, 6.35, 6.31, 6.66, 6.84, 6.76, 7.22, 7.48, 7.47, 7.64, 8.39, 7.75, 7.75, 8.11","1.5, -0.03, 0.3, 0.27, 0.54, 0.31, 0.38, 0.48, 0.46, 0.53, 0.59, 0.6, 0.64, 0.67, 0.69, 0.71, 0.74, 0.77, 0.74, 0.8, 0.79, 0.81, 0.8, 0.81, 0.86, 0.85, 0.88, 0.88, 0.91, 0.93, 0.92, 0.96, 0.98, 0.98, 0.99, 1.05, 1, 1, 1.03",-358.02,-1780.64,-198.46,-1621.09,220.01,931.32,3,3,"#685851FF",311.111111111111,322.222222222222,333.333333333333,344.444444444444,355.555555555556,366.666666666667,377.777777777778,388.888888888889,400,411.111111111111,422.222222222222,433.333333333333,444.444444444444,455.555555555556,466.666666666667,477.777777777778,488.888888888889,500,511.111111111111,522.222222222222,533.333333333333,544.444444444444,555.555555555556,566.666666666667,577.777777777778,588.888888888889,600,611.111111111111,622.222222222222,633.333333333333,644.444444444444,655.555555555556,666.666666666667,677.777777777778,688.888888888889,300,700
"TanSel","10.14, 0.48, -0.39, -1.98, -0.77, -0.22, 1.23, 2.27, 4.01, 5.47, 7.28, 8.73, 10.17, 11.94, 13.88, 16.97, 19.81, 24.55, 28.93, 32.19, 42.23, 56.28, 68.51, 77.13, 84.59, 85.11, 76.92, 59.14, 40.28, 25.72, 16.94, 10.84, 8.34, 5.91, 5.71, 3.58, 3.87, 4.09, 4.35","2.32, 0.04, -0.04, -0.22, -0.08, -0.02, 0.12, 0.2, 0.34, 0.43, 0.54, 0.62, 0.7, 0.78, 0.86, 0.98, 1.09, 1.23, 1.35, 1.43, 1.65, 1.89, 2.05, 2.15, 2.24, 2.24, 2.15, 1.94, 1.62, 1.28, 0.99, 0.73, 0.6, 0.46, 0.45, 0.3, 0.32, 0.34, 0.36",-238.06,-2065.73,-78.5,-1906.18,160.03,1073.87,3,3,"#CBDC79FF",311.111111111111,322.222222222222,333.333333333333,344.444444444444,355.555555555556,366.666666666667,377.777777777778,388.888888888889,400,411.111111111111,422.222222222222,433.333333333333,444.444444444444,455.555555555556,466.666666666667,477.777777777778,488.888888888889,500,511.111111111111,522.222222222222,533.333333333333,544.444444444444,555.555555555556,566.666666666667,577.777777777778,588.888888888889,600,611.111111111111,622.222222222222,633.333333333333,644.444444444444,655.555555555556,666.666666666667,677.777777777778,688.888888888889,300,700
"TanFas","7.29, 2.22, -1.14, -2.47, -0.73, 0.45, -0.08, 2.47, 3.68, 5.14, 7.63, 9.48, 11.99, 14.67, 16.96, 19.94, 23.31, 27.66, 31.49, 39.55, 49.44, 59.84, 70, 76.74, 82.1, 77.82, 66.36, 49.67, 36.19, 24.73, 19.33, 14.54, 12.52, 9.87, 8.77, 7.8, 7.01, 6.86, 6.44","1.99, 0.25, -0.11, -0.44, -0.08, 0.05, 0, 0.3, 0.41, 0.54, 0.72, 0.83, 0.98, 1.1, 1.2, 1.32, 1.44, 1.57, 1.68, 1.87, 2.06, 2.22, 2.36, 2.45, 2.51, 2.46, 2.32, 2.07, 1.8, 1.49, 1.3, 1.1, 1, 0.86, 0.79, 0.73, 0.67, 0.66, 0.63",98.41,-1318.24,257.96,-1158.68,-8.2,700.12,3,3,"#BCD97BFF",311.111111111111,322.222222222222,333.333333333333,344.444444444444,355.555555555556,366.666666666667,377.777777777778,388.888888888889,400,411.111111111111,422.222222222222,433.333333333333,444.444444444444,455.555555555556,466.666666666667,477.777777777778,488.888888888889,500,511.111111111111,522.222222222222,533.333333333333,544.444444444444,555.555555555556,566.666666666667,577.777777777778,588.888888888889,600,611.111111111111,622.222222222222,633.333333333333,644.444444444444,655.555555555556,666.666666666667,677.777777777778,688.888888888889,300,700
"TanCyc","24.99, 1.44, 12.01, 16.24, 15.92, 13.42, 10.85, 11.62, 9.11, 9.11, 9.69, 11.87, 13.25, 15.95, 17.54, 18.18, 17.98, 16.12, 12.61, 9.53, 5.6, 1.9, -1.34, -4.14, -6.23, -9.34, -10.8, -12.2, -13.75, -13.48, -14.67, -14.99, -15.89, -14.3, -14.59, -16.94, -15.01, -16, -14.96","3.22, 0.07, 0.41, 0.5, 0.5, 0.43, 0.36, 0.38, 0.31, 0.31, 0.33, 0.39, 0.43, 0.49, 0.53, 0.55, 0.54, 0.5, 0.41, 0.32, 0.21, 0.08, -0.05, -0.18, -0.28, -0.46, -0.57, -0.67, -0.8, -0.77, -0.88, -0.92, -1.01, -0.85, -0.87, -1.12, -0.92, -1.02, -0.91",-84.69,-2285.84,74.86,-2126.29,83.35,1183.92,3,3,"#4585AAFF",311.111111111111,322.222222222222,333.333333333333,344.444444444444,355.555555555556,366.666666666667,377.777777777778,388.888888888889,400,411.111111111111,422.222222222222,433.333333333333,444.444444444444,455.555555555556,466.666666666667,477.777777777778,488.888888888889,500,511.111111111111,522.222222222222,533.333333333333,544.444444444444,555.555555555556,566.666666666667,577.777777777778,588.888888888889,600,611.111111111111,622.222222222222,633.333333333333,644.444444444444,655.555555555556,666.666666666667,677.777777777778,688.888888888889,300,700
"TanCyv","1.53, -3.84, 3.43, 1.16, 4.07, 0.48, 2.27, 2.74, 2.87, 2.02, 1.36, 2.1, 2.14, 1.91, 2.01, 2.08, 2.8, 2.4, 2.4, 2.85, 7.15, 15.39, 18.36, 21.59, 23.55, 24.16, 25.85, 27.27, 28.13, 27.43, 29.46, 29.93, 29.75, 28.61, 32.84, 31.49, 30.24, 30.8, 31.68","0.43, -1.24, 1.39, 0.49, 1.43, 0.36, 0.9, 1.03, 1.05, 0.85, 0.64, 0.87, 0.87, 0.81, 0.84, 0.86, 1.04, 0.95, 0.92, 1.11, 1.82, 2.43, 2.56, 2.72, 2.79, 2.82, 2.88, 2.94, 2.96, 2.94, 3.01, 3.02, 3.02, 2.98, 3.11, 3.07, 3.03, 3.05, 3.08",-90.01,-1035.9,69.54,-876.34,86.01,558.95,3,3,"#AF731CFF",311.111111111111,322.222222222222,333.333333333333,344.444444444444,355.555555555556,366.666666666667,377.777777777778,388.888888888889,400,411.111111111111,422.222222222222,433.333333333333,444.444444444444,455.555555555556,466.666666666667,477.777777777778,488.888888888889,500,511.111111111111,522.222222222222,533.333333333333,544.444444444444,555.555555555556,566.666666666667,577.777777777778,588.888888888889,600,611.111111111111,622.222222222222,633.333333333333,644.444444444444,655.555555555556,666.666666666667,677.777777777778,688.888888888889,300,700
"TanDes","3.59, -0.96, -0.56, 0.58, 3.37, 3.39, 5.07, 4.09, 3.02, 2.63, 1.59, 1.71, 1.19, 1.25, 1.43, 0.96, 1.99, 1.6, 1.65, 2.17, 21.35, 31.52, 39.86, 45.24, 47.58, 42.98, 34.89, 25.61, 18.66, 13.52, 10.94, 9.34, 8.09, 7.46, 6.89, 6.46, 6.98, 6.17, 6.5","1.28, -0.32, -0.17, 0.16, 0.7, 0.65, 0.9, 0.76, 0.62, 0.55, 0.37, 0.39, 0.29, 0.3, 0.33, 0.25, 0.42, 0.42, 0.26, 0.78, 2.08, 2.25, 2.52, 2.6, 2.66, 2.57, 2.38, 2.11, 1.84, 1.57, 1.4, 1.28, 1.18, 1.13, 1.07, 1.03, 1.08, 1, 1.03",-245.37,-1286.62,-85.81,-1127.06,163.69,684.31,3,3,"#979F19FF",311.111111111111,322.222222222222,333.333333333333,344.444444444444,355.555555555556,366.666666666667,377.777777777778,388.888888888889,400,411.111111111111,422.222222222222,433.333333333333,444.444444444444,455.555555555556,466.666666666667,477.777777777778,488.888888888889,500,511.111111111111,522.222222222222,533.333333333333,544.444444444444,555.555555555556,566.666666666667,577.777777777778,588.888888888889,600,611.111111111111,622.222222222222,633.333333333333,644.444444444444,655.555555555556,666.666666666667,677.777777777778,688.888888888889,300,700
"TanChr","1.68, -0.56, 2.15, -1.54, 0.45, -0.76, 0.71, 1.05, 1.04, 1.77, 1.93, 2.12, 2.36, 2.51, 2.62, 2.65, 2.89, 3.13, 2.98, 3.2, 3.54, 3.88, 3.99, 4.51, 4.71, 5.4, 5.72, 6.59, 6.96, 6.96, 6.61, 6.41, 6.57, 6.05, 5.79, 4.91, 4.23, 3.72, 4.76","0.52, -0.34, 1.15, -0.96, 0.27, -0.48, 0.41, 0.46, 0.49, 0.72, 0.76, 0.82, 0.88, 0.91, 0.94, 0.95, 1, 1.05, 1.02, 1.07, 1.14, 1.2, 1.22, 1.3, 1.34, 1.44, 1.49, 1.6, 1.64, 1.64, 1.6, 1.57, 1.59, 1.53, 1.49, 1.37, 1.26, 1.17, 1.35",-422.12,-1113.46,-262.56,-953.9,252.06,597.73,3,3,"#5C4336FF",311.111111111111,322.222222222222,333.333333333333,344.444444444444,355.555555555556,366.666666666667,377.777777777778,388.888888888889,400,411.111111111111,422.222222222222,433.333333333333,444.444444444444,455.555555555556,466.666666666667,477.777777777778,488.888888888889,500,511.111111111111,522.222222222222,533.333333333333,544.444444444444,555.555555555556,566.666666666667,577.777777777778,588.888888888889,600,611.111111111111,622.222222222222,633.333333333333,644.444444444444,655.555555555556,666.666666666667,677.777777777778,688.888888888889,300,700
"TanXac","3.32, 0.72, 0.13, 1.63, 0.74, 1.61, 1.31, 1.27, 1.27, 1.21, 1.13, 1.35, 1.11, 1.25, 1.37, 1.29, 1.57, 1.72, 1.38, 1.96, 2.24, 3.48, 6.37, 11.38, 19.71, 27.26, 33.84, 39.02, 44.39, 44.89, 49, 50.18, 52.09, 53.12, 53.92, 54.04, 55.17, 54.94, 54.53","1.2, 0.2, 0.05, 0.41, 0.2, 0.4, 0.33, 0.32, 0.32, 0.31, 0.29, 0.34, 0.29, 0.32, 0.35, 0.33, 0.39, 0.42, 0.35, 0.47, 0.52, 0.73, 1.09, 1.53, 1.96, 2.23, 2.42, 2.55, 2.67, 2.68, 2.76, 2.78, 2.82, 2.83, 2.85, 2.85, 2.87, 2.87, 2.86",-467.33,-1836.03,-307.77,-1676.47,274.66,959.02,3,3,"#DA6725FF",311.111111111111,322.222222222222,333.333333333333,344.444444444444,355.555555555556,366.666666666667,377.777777777778,388.888888888889,400,411.111111111111,422.222222222222,433.333333333333,444.444444444444,455.555555555556,466.666666666667,477.777777777778,488.888888888889,500,511.111111111111,522.222222222222,533.333333333333,544.444444444444,555.555555555556,566.666666666667,577.777777777778,588.888888888889,600,611.111111111111,622.222222222222,633.333333333333,644.444444444444,655.555555555556,666.666666666667,677.777777777778,688.888888888889,300,700
"TanSch","1.86, 0.03, 0.78, 0.5, 1.61, 1.01, 1.41, 1.2, 1.93, 1.49, 1.53, 1.63, 1.43, 1.64, 1.9, 1.64, 2.51, 2.62, 2.79, 2.34, 12.44, 24.74, 29.89, 35.07, 39.5, 41.01, 42.43, 42.4, 42.48, 41.8, 42.43, 42.5, 44.15, 44.5, 45.97, 46.02, 48.08, 47.46, 47.75","0.62, -0.01, 0.36, 0.23, 0.63, 0.42, 0.56, 0.5, 0.72, 0.59, 0.6, 0.63, 0.57, 0.63, 0.7, 0.64, 0.84, 0.91, 0.83, 1.02, 2.17, 2.66, 2.84, 2.99, 3.1, 3.14, 3.17, 3.17, 3.17, 3.15, 3.17, 3.17, 3.21, 3.21, 3.25, 3.25, 3.29, 3.28, 3.28",-407.65,-1297.92,-248.09,-1138.37,244.83,689.96,3,3,"#D38F00FF",311.111111111111,322.222222222222,333.333333333333,344.444444444444,355.555555555556,366.666666666667,377.777777777778,388.888888888889,400,411.111111111111,422.222222222222,433.333333333333,444.444444444444,455.555555555556,466.666666666667,477.777777777778,488.888888888889,500,511.111111111111,522.222222222222,533.333333333333,544.444444444444,555.555555555556,566.666666666667,577.777777777778,588.888888888889,600,611.111111111111,622.222222222222,633.333333333333,644.444444444444,655.555555555556,666.666666666667,677.777777777778,688.888888888889,300,700
"TanJoh","5.24, 2.1, -1.52, 1.17, 0.88, 1.69, 2.76, 3.29, 2.15, 2.3, 0.83, 1.17, 0.56, 0.95, 1.06, 1.12, 1.84, 1.99, 2.32, 1.85, 13.07, 26.61, 31.29, 35.85, 37.19, 35.5, 31.97, 26.86, 22.47, 18.21, 15.3, 14.15, 12.08, 11.65, 10.64, 9.63, 10.22, 9.13, 9.92","1.66, 0.38, -0.32, 0.23, 0.13, 0.29, 0.42, 0.49, 0.34, 0.37, 0.15, 0.2, 0.1, 0.17, 0.18, 0.2, 0.29, 0.34, 0.32, 0.42, 1.34, 1.82, 1.94, 2.06, 2.09, 2.05, 1.96, 1.82, 1.67, 1.5, 1.37, 1.31, 1.2, 1.17, 1.11, 1.04, 1.08, 1.01, 1.06",-93.18,-1440.59,66.38,-1281.03,87.59,761.3,3,3,"#A3952FFF",311.111111111111,322.222222222222,333.333333333333,344.444444444444,355.555555555556,366.666666666667,377.777777777778,388.888888888889,400,411.111111111111,422.222222222222,433.333333333333,444.444444444444,455.555555555556,466.666666666667,477.777777777778,488.888888888889,500,511.111111111111,522.222222222222,533.333333333333,544.444444444444,555.555555555556,566.666666666667,577.777777777778,588.888888888889,600,611.111111111111,622.222222222222,633.333333333333,644.444444444444,655.555555555556,666.666666666667,677.777777777778,688.888888888889,300,700
"TanArt","1.47, 0.36, -0.3, -0.84, 0.77, 0.53, 0.49, 0.84, -0.15, 0.58, -0.06, 0.52, -0.05, 0.33, 0.2, 0.27, 0.42, 0.47, 0.23, 0.73, 1.82, 7.97, 12.1, 16.36, 19.86, 22.3, 24.21, 26.87, 28.7, 30.14, 32.19, 33.28, 34.66, 36, 36.16, 37.47, 37.49, 37.51, 37.38","0.38, 0.18, -0.19, -0.44, 0.42, 0.24, 0.31, 0.46, -0.06, 0.34, -0.02, 0.32, -0.02, 0.2, 0.13, 0.17, 0.25, 0.27, 0.17, 0.38, 0.97, 1.95, 2.21, 2.52, 2.67, 2.79, 2.86, 2.96, 3.02, 3.07, 3.13, 3.16, 3.2, 3.24, 3.24, 3.28, 3.28, 3.28, 3.28",-445.05,-1027.25,-285.5,-867.69,263.53,554.62,3,3,"#B66400FF",311.111111111111,322.222222222222,333.333333333333,344.444444444444,355.555555555556,366.666666666667,377.777777777778,388.888888888889,400,411.111111111111,422.222222222222,433.333333333333,444.444444444444,455.555555555556,466.666666666667,477.777777777778,488.888888888889,500,511.111111111111,522.222222222222,533.333333333333,544.444444444444,555.555555555556,566.666666666667,577.777777777778,588.888888888889,600,611.111111111111,622.222222222222,633.333333333333,644.444444444444,655.555555555556,666.666666666667,677.777777777778,688.888888888889,300,700
"TanIct","1.66, 0.35, 1.12, 0.13, 1.68, 1.93, 1.75, 2.39, 2.1, 1.87, 1.73, 1.78, 1.21, 1.38, 1.49, 1.34, 1.73, 2.02, 1.69, 2.09, 7.6, 20.56, 25.75, 29.67, 32.84, 33.63, 33.9, 32.99, 33.26, 31.79, 32.36, 31.86, 32.43, 32.22, 32.35, 32.46, 32.78, 32.53, 32.88","0.51, 0.21, 0.52, 0.05, 0.77, 0.73, 0.73, 0.89, 0.81, 0.76, 0.71, 0.73, 0.55, 0.6, 0.64, 0.59, 0.71, 0.81, 0.67, 0.9, 1.87, 2.64, 2.79, 2.95, 3.03, 3.06, 3.06, 3.04, 3.05, 3, 3.02, 3, 3.02, 3.01, 3.02, 3.02, 3.03, 3.02, 3.03",-396.16,-1244.93,-236.61,-1085.37,239.08,663.46,3,3,"#BC8300FF",311.111111111111,322.222222222222,333.333333333333,344.444444444444,355.555555555556,366.666666666667,377.777777777778,388.888888888889,400,411.111111111111,422.222222222222,433.333333333333,444.444444444444,455.555555555556,466.666666666667,477.777777777778,488.888888888889,500,511.111111111111,522.222222222222,533.333333333333,544.444444444444,555.555555555556,566.666666666667,577.777777777778,588.888888888889,600,611.111111111111,622.222222222222,633.333333333333,644.444444444444,655.555555555556,666.666666666667,677.777777777778,688.888888888889,300,700
"TanFlo","2.36, -0.2, 1.49, 2.68, 2.19, 2.82, 2.22, 2.09, 1.11, 0.98, 0.74, 0.76, 0.2, 0.25, 0.32, 0.03, 0.76, 0.44, 1.08, -1.06, 16.59, 41.63, 50.6, 59.87, 63.98, 65.84, 65.42, 63.9, 61.57, 57.98, 56.59, 54.21, 54.35, 52.11, 53.12, 51.09, 53.09, 50.97, 51.7","0.86, -0.05, 0.47, 0.78, 0.64, 0.79, 0.65, 0.64, 0.39, 0.35, 0.27, 0.28, 0.08, 0.11, 0.12, 0.05, 0.22, 0.31, 0.05, 0.47, 2.37, 2.91, 3.12, 3.27, 3.34, 3.36, 3.36, 3.33, 3.3, 3.24, 3.22, 3.17, 3.18, 3.14, 3.16, 3.12, 3.15, 3.12, 3.13",-230.86,-1278.26,-71.3,-1118.7,156.43,680.13,3,3,"#F6B000FF",311.111111111111,322.222222222222,333.333333333333,344.444444444444,355.555555555556,366.666666666667,377.777777777778,388.888888888889,400,411.111111111111,422.222222222222,433.333333333333,444.444444444444,455.555555555556,466.666666666667,477.777777777778,488.888888888889,500,511.111111111111,522.222222222222,533.333333333333,544.444444444444,555.555555555556,566.666666666667,577.777777777778,588.888888888889,600,611.111111111111,622.222222222222,633.333333333333,644.444444444444,655.555555555556,666.666666666667,677.777777777778,688.888888888889,300,700
"TanPar","4.76, 0.69, -0.71, 1.12, -0.61, 0.8, -0.16, -0.02, -0.46, -0.16, -0.33, 0.05, -0.68, 0.07, 0.28, 0.78, 1.83, 3.55, 4.57, 6.02, 12.1, 21.94, 27.74, 32.57, 37.25, 40.1, 43.03, 44.83, 46.75, 46.98, 48.14, 47.3, 48.76, 47.66, 47.9, 46.06, 47.46, 45.34, 46.03","1.56, 0.14, -0.16, 0.23, -0.13, 0.16, -0.03, 0, -0.1, -0.03, -0.07, 0.01, -0.15, 0.02, 0.06, 0.16, 0.33, 0.57, 0.67, 0.84, 1.31, 1.74, 1.92, 2.06, 2.18, 2.24, 2.31, 2.34, 2.38, 2.39, 2.41, 2.39, 2.42, 2.4, 2.4, 2.37, 2.39, 2.35, 2.37",-401.07,-1763.14,-241.51,-1603.58,241.53,922.57,3,3,"#DF9321FF",311.111111111111,322.222222222222,333.333333333333,344.444444444444,355.555555555556,366.666666666667,377.777777777778,388.888888888889,400,411.111111111111,422.222222222222,433.333333333333,444.444444444444,455.555555555556,466.666666666667,477.777777777778,488.888888888889,500,511.111111111111,522.222222222222,533.333333333333,544.444444444444,555.555555555556,566.666666666667,577.777777777778,588.888888888889,600,611.111111111111,622.222222222222,633.333333333333,644.444444444444,655.555555555556,666.666666666667,677.777777777778,688.888888888889,300,700
"TanLav","2.29, -0.04, -0.86, -0.78, 0.27, -1.02, -0.92, -1.01, -0.57, -0.71, -0.88, -0.6, -0.73, -0.62, -0.4, -0.5, -0.27, -0.15, -0.42, 0.09, 0.15, 0.68, 1.12, 1.93, 3.15, 4.14, 5.69, 7.54, 9.2, 11.3, 13.4, 16.12, 18.57, 21.14, 23.83, 26.89, 28.29, 30.94, 30.79","0.83, -0.03, -0.42, -0.42, 0.17, -0.56, -0.52, -0.6, -0.27, -0.38, -0.49, -0.3, -0.39, -0.31, -0.19, -0.24, -0.13, -0.07, -0.2, 0.04, 0.07, 0.27, 0.4, 0.63, 0.87, 1.04, 1.26, 1.46, 1.62, 1.78, 1.93, 2.09, 2.21, 2.33, 2.44, 2.55, 2.59, 2.68, 2.67",-393.92,-895.76,-234.36,-736.21,237.96,488.88,3,3,"#7B351CFF",311.111111111111,322.222222222222,333.333333333333,344.444444444444,355.555555555556,366.666666666667,377.777777777778,388.888888888889,400,411.111111111111,422.222222222222,433.333333333333,444.444444444444,455.555555555556,466.666666666667,477.777777777778,488.888888888889,500,511.111111111111,522.222222222222,533.333333333333,544.444444444444,555.555555555556,566.666666666667,577.777777777778,588.888888888889,600,611.111111111111,622.222222222222,633.333333333333,644.444444444444,655.555555555556,666.666666666667,677.777777777778,688.888888888889,300,700
"TanGyr","3.38, 1.7, 0.25, -0.04, 0.79, -0.17, 0.89, -0.13, 0.87, -0.24, 0.56, 0.28, 0.37, 0.39, 0.48, 0.47, 0.67, 0.79, 0.69, 1.04, 1.13, 1.64, 1.8, 2.39, 3.29, 4.24, 5.29, 6.62, 8.29, 9.71, 11.98, 14.21, 15.74, 18.95, 20.32, 22.3, 24.2, 23.63, 24.26","1.22, 0.43, 0.09, -0.06, 0.23, -0.05, 0.24, -0.03, 0.24, -0.06, 0.15, 0.08, 0.11, 0.11, 0.13, 0.13, 0.18, 0.21, 0.19, 0.27, 0.29, 0.4, 0.43, 0.54, 0.68, 0.82, 0.94, 1.09, 1.24, 1.36, 1.52, 1.65, 1.74, 1.89, 1.95, 2.03, 2.1, 2.08, 2.1",-342.31,-1377.18,-182.76,-1217.62,212.16,729.59,3,3,"#784031FF",311.111111111111,322.222222222222,333.333333333333,344.444444444444,355.555555555556,366.666666666667,377.777777777778,388.888888888889,400,411.111111111111,422.222222222222,433.333333333333,444.444444444444,455.555555555556,466.666666666667,477.777777777778,488.888888888889,500,511.111111111111,522.222222222222,533.333333333333,544.444444444444,555.555555555556,566.666666666667,577.777777777778,588.888888888889,600,611.111111111111,622.222222222222,633.333333333333,644.444444444444,655.555555555556,666.666666666667,677.777777777778,688.888888888889,300,700
"TanVas","2.09, 1.13, 0.26, -1.14, 0.8, 1.36, 2.37, 2.2, 2.82, 3.35, 4.91, 7.21, 10.99, 14.77, 18.51, 22.2, 25.58, 27.9, 28.14, 27.89, 26.31, 24.28, 22.82, 21.4, 21.36, 20.29, 19.91, 20.01, 19.49, 19.41, 19.64, 18.95, 19.31, 19.43, 19.82, 19.31, 19.61, 19.93, 20.63","0.74, 0.39, 0.14, -0.64, 0.45, 0.43, 0.8, 0.7, 0.86, 0.96, 1.22, 1.51, 1.85, 2.09, 2.29, 2.46, 2.58, 2.66, 2.67, 2.66, 2.61, 2.54, 2.48, 2.42, 2.42, 2.37, 2.35, 2.36, 2.33, 2.33, 2.34, 2.31, 2.33, 2.33, 2.35, 2.33, 2.34, 2.35, 2.39",-343.94,-1095.18,-184.38,-935.63,212.97,588.59,3,3,"#84887CFF",311.111111111111,322.222222222222,333.333333333333,344.444444444444,355.555555555556,366.666666666667,377.777777777778,388.888888888889,400,411.111111111111,422.222222222222,433.333333333333,444.444444444444,455.555555555556,466.666666666667,477.777777777778,488.888888888889,500,511.111111111111,522.222222222222,533.333333333333,544.444444444444,555.555555555556,566.666666666667,577.777777777778,588.888888888889,600,611.111111111111,622.222222222222,633.333333333333,644.444444444444,655.555555555556,666.666666666667,677.777777777778,688.888888888889,300,700
"TanNiv","8.46, 0.55, -0.78, -0.53, -1.86, -1.07, -1.66, -0.9, -0.49, 1.33, 3.43, 7.17, 10.04, 14.09, 17.8, 22.46, 27.91, 34.82, 41.08, 48.99, 58.5, 67.08, 75.64, 81.06, 84.7, 82.33, 77.57, 68.11, 59.55, 50.33, 42.89, 36.32, 31.91, 27.93, 24.91, 22.08, 20.66, 19.37, 19.38","2.14, 0.06, -0.09, -0.07, -0.24, -0.14, -0.22, -0.11, -0.06, 0.15, 0.35, 0.62, 0.79, 0.99, 1.14, 1.3, 1.46, 1.64, 1.77, 1.92, 2.07, 2.19, 2.3, 2.36, 2.4, 2.37, 2.32, 2.21, 2.09, 1.94, 1.81, 1.67, 1.56, 1.46, 1.37, 1.28, 1.24, 1.19, 1.19",-368.45,-2068.69,-208.89,-1909.13,225.23,1075.35,3,3,"#E5E382FF",311.111111111111,322.222222222222,333.333333333333,344.444444444444,355.555555555556,366.666666666667,377.777777777778,388.888888888889,400,411.111111111111,422.222222222222,433.333333333333,444.444444444444,455.555555555556,466.666666666667,477.777777777778,488.888888888889,500,511.111111111111,522.222222222222,533.333333333333,544.444444444444,555.555555555556,566.666666666667,577.777777777778,588.888888888889,600,611.111111111111,622.222222222222,633.333333333333,644.444444444444,655.555555555556,666.666666666667,677.777777777778,688.888888888889,300,700
"TanFuc","4.2, 1.48, 0.4, 0.92, 0.78, 0.88, 0.42, 1.17, 1.64, 1.73, 2.8, 3.92, 4.8, 6.51, 7.85, 9.96, 12.17, 15.46, 17.67, 22.3, 25.99, 30.17, 32.8, 34.41, 34.98, 32.61, 29.73, 26.65, 23.09, 20.87, 18.92, 16.91, 16.61, 14.3, 15.6, 13.26, 14.45, 13.56, 13.56","1.43, 0.33, 0.08, 0.2, 0.17, 0.19, 0.1, 0.25, 0.33, 0.35, 0.52, 0.66, 0.77, 0.94, 1.06, 1.22, 1.37, 1.55, 1.66, 1.85, 1.98, 2.11, 2.18, 2.22, 2.24, 2.17, 2.09, 2, 1.87, 1.79, 1.71, 1.62, 1.6, 1.49, 1.55, 1.43, 1.49, 1.44, 1.44",-410.59,-1702.53,-251.03,-1542.98,246.3,892.27,3,3,"#9A9C5BFF",311.111111111111,322.222222222222,333.333333333333,344.444444444444,355.555555555556,366.666666666667,377.777777777778,388.888888888889,400,411.111111111111,422.222222222222,433.333333333333,444.444444444444,455.555555555556,466.666666666667,477.777777777778,488.888888888889,500,511.111111111111,522.222222222222,533.333333333333,544.444444444444,555.555555555556,566.666666666667,577.777777777778,588.888888888889,600,611.111111111111,622.222222222222,633.333333333333,644.444444444444,655.555555555556,666.666666666667,677.777777777778,688.888888888889,300,700
"TanDow","8.09, 1.73, 1.65, 0.53, -3.36, -1.49, -1.66, -4.1, -3.06, -3.84, -2.12, -3.23, -3.22, -2.43, -2.19, -1.8, -1.04, -0.35, -0.12, 1.63, 2.78, 3.69, 4.83, 5.97, 7.02, 6.73, 7.31, 7.86, 8.09, 7.57, 8.4, 8.71, 9.61, 9.17, 9.98, 10.69, 12.6, 12.6, 11.92","2.09, 0.17, 0.18, 0.08, -0.49, -0.22, -0.2, -0.7, -0.48, -0.63, -0.29, -0.51, -0.51, -0.35, -0.32, -0.25, -0.14, -0.04, -0.01, 0.19, 0.3, 0.38, 0.47, 0.55, 0.62, 0.61, 0.64, 0.68, 0.69, 0.66, 0.71, 0.73, 0.78, 0.76, 0.8, 0.84, 0.94, 0.94, 0.91",129.56,-1400.95,289.12,-1241.39,-23.78,741.48,3,3,"#80623FFF",311.111111111111,322.222222222222,333.333333333333,344.444444444444,355.555555555556,366.666666666667,377.777777777778,388.888888888889,400,411.111111111111,422.222222222222,433.333333333333,444.444444444444,455.555555555556,466.666666666667,477.777777777778,488.888888888889,500,511.111111111111,522.222222222222,533.333333333333,544.444444444444,555.555555555556,566.666666666667,577.777777777778,588.888888888889,600,611.111111111111,622.222222222222,633.333333333333,644.444444444444,655.555555555556,666.666666666667,677.777777777778,688.888888888889,300,700
"TanRuu","6.86, 0.79, -4.5, -3.67, 1.45, -3.05, -2.2, -2.79, -1.46, -1.28, -2, -1.03, -0.97, -0.7, -0.67, -0.41, -0.16, -0.06, 0.02, 0.99, 0.74, 1.03, 1.1, 1.33, 1.96, 2.19, 3.01, 3.23, 3.38, 3.79, 3.77, 4.04, 4.57, 4.05, 4.26, 5.29, 6.36, 7.6, 6.76","1.9, 0.29, -0.94, -0.72, 0.36, -0.55, -0.36, -0.48, -0.21, -0.18, -0.31, -0.14, -0.12, -0.08, -0.07, -0.04, 0, 0.02, 0.03, 0.16, 0.13, 0.17, 0.18, 0.21, 0.28, 0.31, 0.39, 0.41, 0.43, 0.47, 0.46, 0.49, 0.54, 0.49, 0.51, 0.6, 0.69, 0.77, 0.71",11.83,-1060.96,171.39,-901.4,35.08,571.48,3,3,"#674F43FF",311.111111111111,322.222222222222,333.333333333333,344.444444444444,355.555555555556,366.666666666667,377.777777777778,388.888888888889,400,411.111111111111,422.222222222222,433.333333333333,444.444444444444,455.555555555556,466.666666666667,477.777777777778,488.888888888889,500,511.111111111111,522.222222222222,533.333333333333,544.444444444444,555.555555555556,566.666666666667,577.777777777778,588.888888888889,600,611.111111111111,622.222222222222,633.333333333333,644.444444444444,655.555555555556,666.666666666667,677.777777777778,688.888888888889,300,700
"TanPun","6.01, 1.59, -1.13, -0.28, 0.25, 0.72, 0.5, 0.87, 2.41, 3.03, 5.61, 7.78, 8.77, 9.58, 9.81, 10.2, 11.43, 12.98, 13.34, 16.7, 19.34, 22.03, 25.11, 27.67, 32, 33.91, 34.69, 33.01, 31.02, 26.31, 23.38, 19.94, 17.82, 15.29, 13.65, 13.43, 11.64, 11.59, 11.81","1.79, 0.24, -0.17, -0.07, 0.05, 0.1, 0.08, 0.14, 0.34, 0.41, 0.67, 0.83, 0.9, 0.95, 0.97, 0.99, 1.07, 1.15, 1.17, 1.33, 1.44, 1.54, 1.65, 1.73, 1.85, 1.89, 1.91, 1.87, 1.82, 1.68, 1.59, 1.47, 1.38, 1.27, 1.18, 1.17, 1.08, 1.07, 1.09",-263.23,-1665.05,-103.67,-1505.5,172.62,873.53,3,3,"#B19665FF",311.111111111111,322.222222222222,333.333333333333,344.444444444444,355.555555555556,366.666666666667,377.777777777778,388.888888888889,400,411.111111111111,422.222222222222,433.333333333333,444.444444444444,455.555555555556,466.666666666667,477.777777777778,488.888888888889,500,511.111111111111,522.222222222222,533.333333333333,544.444444444444,555.555555555556,566.666666666667,577.777777777778,588.888888888889,600,611.111111111111,622.222222222222,633.333333333333,644.444444444444,655.555555555556,666.666666666667,677.777777777778,688.888888888889,300,700
"TanXag","5.2, 2.48, 3.61, 5.9, 8.38, 11.22, 12.94, 13.67, 8.66, 5.57, 0.58, 0.07, -1.21, -1.21, -1.07, -1.44, -0.56, -0.41, -1.26, 0.94, 21.15, 30.34, 35.76, 39.44, 41.43, 39.14, 35.24, 29.49, 23.87, 18.86, 15.25, 12.45, 10.48, 8.69, 7.35, 6.87, 5.36, 6.27, 5.58","1.65, 0.43, 0.51, 0.78, 0.96, 1.16, 1.24, 1.31, 0.98, 0.78, 0.14, 0.01, -0.25, -0.27, -0.23, -0.31, -0.13, -0.04, -0.37, 0.5, 1.75, 1.89, 2.08, 2.14, 2.2, 2.14, 2.05, 1.9, 1.73, 1.54, 1.37, 1.23, 1.11, 0.99, 0.88, 0.84, 0.71, 0.79, 0.73",-336.35,-2013.8,-176.79,-1854.25,209.17,1047.9,3,3,"#A59C08FF",311.111111111111,322.222222222222,333.333333333333,344.444444444444,355.555555555556,366.666666666667,377.777777777778,388.888888888889,400,411.111111111111,422.222222222222,433.333333333333,444.444444444444,455.555555555556,466.666666666667,477.777777777778,488.888888888889,500,511.111111111111,522.222222222222,533.333333333333,544.444444444444,555.555555555556,566.666666666667,577.777777777778,588.888888888889,600,611.111111111111,622.222222222222,633.333333333333,644.444444444444,655.555555555556,666.666666666667,677.777777777778,688.888888888889,300,700
"TanGut","4.83, -2.47, 0.91, 0.66, 1.78, 1.96, 3.88, 4.35, 3.21, 3.51, 1.65, 1.68, 1.44, 1.49, 2.02, 1.7, 2.51, 2.76, 2.38, 3.29, 14.84, 19.74, 22.4, 24.57, 26.03, 25.46, 23.67, 21.54, 19.2, 16.43, 14.58, 12.69, 12.72, 10.24, 10.91, 10.3, 8.67, 9.11, 9.85","1.57, -0.6, 0.25, 0.08, 0.33, 0.34, 0.6, 0.64, 0.51, 0.55, 0.3, 0.3, 0.26, 0.27, 0.35, 0.31, 0.41, 0.47, 0.36, 0.62, 1.47, 1.61, 1.74, 1.8, 1.86, 1.84, 1.78, 1.7, 1.61, 1.48, 1.39, 1.29, 1.29, 1.14, 1.18, 1.14, 1.03, 1.06, 1.11",-104.05,-1471.73,55.5,-1312.17,93.03,776.86,3,3,"#968439FF",311.111111111111,322.222222222222,333.333333333333,344.444444444444,355.555555555556,366.666666666667,377.777777777778,388.888888888889,400,411.111111111111,422.222222222222,433.333333333333,444.444444444444,455.555555555556,466.666666666667,477.777777777778,488.888888888889,500,511.111111111111,522.222222222222,533.333333333333,544.444444444444,555.555555555556,566.666666666667,577.777777777778,588.888888888889,600,611.111111111111,622.222222222222,633.333333333333,644.444444444444,655.555555555556,666.666666666667,677.777777777778,688.888888888889,300,700
"TanVar","3.8, 0.62, 0.93, 0.85, 2.96, 5.04, 6.54, 7.32, 5.85, 4.48, 2.19, 1.46, 0.91, 0.81, 1.07, 0.59, 1.45, 1.77, 1.23, 2.6, 14.08, 20.33, 23.62, 26.36, 27.95, 25.86, 23.35, 19.47, 15.41, 12.73, 10.25, 7.97, 7.19, 6.25, 6.43, 4.96, 5.29, 5.1, 5.68","1.33, 0.12, 0.24, 0.18, 0.62, 0.83, 1.01, 1.07, 0.93, 0.79, 0.47, 0.32, 0.22, 0.19, 0.25, 0.15, 0.32, 0.4, 0.23, 0.67, 1.63, 1.83, 1.99, 2.07, 2.13, 2.06, 1.97, 1.82, 1.63, 1.47, 1.31, 1.13, 1.06, 0.97, 0.99, 0.84, 0.87, 0.85, 0.91",-353.71,-1639.35,-194.15,-1479.79,217.85,860.67,3,3,"#898329FF",311.111111111111,322.222222222222,333.333333333333,344.444444444444,355.555555555556,366.666666666667,377.777777777778,388.888888888889,400,411.111111111111,422.222222222222,433.333333333333,444.444444444444,455.555555555556,466.666666666667,477.777777777778,488.888888888889,500,511.111111111111,522.222222222222,533.333333333333,544.444444444444,555.555555555556,566.666666666667,577.777777777778,588.888888888889,600,611.111111111111,622.222222222222,633.333333333333,644.444444444444,655.555555555556,666.666666666667,677.777777777778,688.888888888889,300,700
"TanPal","11.34, 1.88, 6.08, 9.68, 9.39, 12.13, 12.14, 13.51, 12.86, 12.52, 11.95, 11.89, 10.95, 10.78, 10.37, 9.99, 9.9, 9.64, 9.11, 9.38, 8.95, 8.83, 8.55, 8.61, 8.62, 8.62, 8.38, 8.62, 8.43, 8.55, 8.21, 8.19, 8.2, 8.59, 7.92, 8.72, 9.23, 7.75, 8.69","2.43, 0.17, 0.43, 0.62, 0.6, 0.73, 0.73, 0.79, 0.76, 0.74, 0.72, 0.72, 0.68, 0.67, 0.65, 0.63, 0.63, 0.62, 0.59, 0.6, 0.58, 0.58, 0.56, 0.57, 0.57, 0.57, 0.55, 0.57, 0.56, 0.56, 0.54, 0.54, 0.54, 0.56, 0.53, 0.57, 0.6, 0.52, 0.57",-131.43,-2219.63,28.13,-2060.07,106.72,1150.81,3,3,"#85797BFF",311.111111111111,322.222222222222,333.333333333333,344.444444444444,355.555555555556,366.666666666667,377.777777777778,388.888888888889,400,411.111111111111,422.222222222222,433.333333333333,444.444444444444,455.555555555556,466.666666666667,477.777777777778,488.888888888889,500,511.111111111111,522.222222222222,533.333333333333,544.444444444444,555.555555555556,566.666666666667,577.777777777778,588.888888888889,600,611.111111111111,622.222222222222,633.333333333333,644.444444444444,655.555555555556,666.666666666667,677.777777777778,688.888888888889,300,700
"TanVit","0, 0.01, 4.2, 2.7, 3.34, 3.91, 1.35, 1.67, 3.57, 3.15, 3.4, 3.74, 3.87, 4.26, 4.14, 4.35, 4.68, 5.59, 5.79, 7.34, 8.34, 9.75, 11.41, 13.76, 17.3, 20.22, 24.01, 27.2, 30.16, 33.64, 35.49, 38.05, 40.53, 40.83, 40.18, 41.18, 41.45, 40.94, 40.48","0, -0.33, 1.63, 0.94, 1.11, 1.46, 0.39, 0.51, 1.34, 1.12, 1.24, 1.31, 1.36, 1.45, 1.42, 1.47, 1.55, 1.72, 1.76, 2, 2.12, 2.28, 2.44, 2.63, 2.86, 3.01, 3.18, 3.31, 3.41, 3.52, 3.57, 3.64, 3.7, 3.71, 3.69, 3.72, 3.72, 3.71, 3.7",-131.45,-862.66,28.11,-703.1,106.72,472.33,3,3,"#B5612BFF",311.111111111111,322.222222222222,333.333333333333,344.444444444444,355.555555555556,366.666666666667,377.777777777778,388.888888888889,400,411.111111111111,422.222222222222,433.333333333333,444.444444444444,455.555555555556,466.666666666667,477.777777777778,488.888888888889,500,511.111111111111,522.222222222222,533.333333333333,544.444444444444,555.555555555556,566.666666666667,577.777777777778,588.888888888889,600,611.111111111111,622.222222222222,633.333333333333,644.444444444444,655.555555555556,666.666666666667,677.777777777778,688.888888888889,300,700
"TanCuc","5.34, 0.23, 0.65, -0.33, 0.09, 0.25, 0.33, -0.08, 0.29, 0.01, 0.29, 0.18, 0.27, 0.17, 0.32, 0.26, 0.46, 0.47, 0.4, 0.65, 0.84, 0.73, 0.98, 1.05, 1.72, 1.6, 1.84, 2.25, 2.24, 2.73, 3.52, 3.21, 4.26, 4.25, 4.88, 5.2, 6.71, 5.3, 6.61","1.68, 0.04, 0.12, -0.07, 0.02, 0.04, 0.06, -0.01, 0.05, 0, 0.05, 0.03, 0.05, 0.03, 0.06, 0.05, 0.08, 0.09, 0.07, 0.12, 0.15, 0.13, 0.17, 0.18, 0.28, 0.26, 0.3, 0.35, 0.35, 0.41, 0.51, 0.47, 0.59, 0.59, 0.65, 0.68, 0.81, 0.69, 0.81",-387.85,-1674.71,-228.29,-1515.15,234.92,878.35,3,3,"#5B463FFF",311.111111111111,322.222222222222,333.333333333333,344.444444444444,355.555555555556,366.666666666667,377.777777777778,388.888888888889,400,411.111111111111,422.222222222222,433.333333333333,444.444444444444,455.555555555556,466.666666666667,477.777777777778,488.888888888889,500,511.111111111111,522.222222222222,533.333333333333,544.444444444444,555.555555555556,566.666666666667,577.777777777778,588.888888888889,600,611.111111111111,622.222222222222,633.333333333333,644.444444444444,655.555555555556,666.666666666667,677.777777777778,688.888888888889,300,700
"TanCay","2.77, 1.5, 0.25, 0.79, 0.47, -0.04, 0.58, 0.21, 0.46, 0.67, 0.58, 0.61, 0.72, 1.23, 1.47, 1.87, 2.46, 3.23, 3.6, 5.08, 6.41, 7.69, 9.38, 11.34, 13.96, 16.33, 18.39, 20.81, 22.67, 24.11, 25.86, 26.44, 27.74, 28.84, 28.74, 30.08, 29.39, 30.74, 30.08","1.02, 0.47, 0.07, 0.24, 0.15, -0.01, 0.19, 0.07, 0.16, 0.21, 0.19, 0.2, 0.23, 0.37, 0.42, 0.52, 0.64, 0.78, 0.83, 1.05, 1.2, 1.33, 1.48, 1.63, 1.8, 1.93, 2.04, 2.14, 2.22, 2.27, 2.34, 2.36, 2.4, 2.44, 2.43, 2.47, 2.45, 2.49, 2.47",-346.31,-1334.03,-186.76,-1174.48,214.16,708.02,3,3,"#A4622FFF",311.111111111111,322.222222222222,333.333333333333,344.444444444444,355.555555555556,366.666666666667,377.777777777778,388.888888888889,400,411.111111111111,422.222222222222,433.333333333333,444.444444444444,455.555555555556,466.666666666667,477.777777777778,488.888888888889,500,511.111111111111,522.222222222222,533.333333333333,544.444444444444,555.555555555556,566.666666666667,577.777777777778,588.888888888889,600,611.111111111111,622.222222222222,633.333333333333,644.444444444444,655.555555555556,666.666666666667,677.777777777778,688.888888888889,300,700
"TanPre","9.94, 0.67, -0.51, -0.3, -3.96, -4.09, -4.01, -3.86, -4.94, -5.52, -5.15, -4.84, -5.49, -5.29, -5.12, -4.78, -4.45, -3.92, -3.68, -1.88, -0.63, 1.27, 3.92, 7.66, 12.89, 16.74, 22.74, 27.35, 29.64, 31.59, 33.02, 32.04, 31.57, 30.82, 31.2, 29.08, 27.21, 28.29, 27.94","2.3, 0.07, -0.06, -0.02, -0.48, -0.54, -0.51, -0.49, -0.69, -0.81, -0.73, -0.67, -0.8, -0.76, -0.72, -0.65, -0.59, -0.5, -0.46, -0.2, -0.06, 0.13, 0.34, 0.59, 0.84, 0.99, 1.2, 1.32, 1.38, 1.43, 1.46, 1.44, 1.43, 1.41, 1.42, 1.37, 1.32, 1.35, 1.34",-258.39,-1823.79,-98.83,-1664.23,170.2,952.89,3,3,"#C76E2CFF",311.111111111111,322.222222222222,333.333333333333,344.444444444444,355.555555555556,366.666666666667,377.777777777778,388.888888888889,400,411.111111111111,422.222222222222,433.333333333333,444.444444444444,455.555555555556,466.666666666667,477.777777777778,488.888888888889,500,511.111111111111,522.222222222222,533.333333333333,544.444444444444,555.555555555556,566.666666666667,577.777777777778,588.888888888889,600,611.111111111111,622.222222222222,633.333333333333,644.444444444444,655.555555555556,666.666666666667,677.777777777778,688.888888888889,300,700
"TanNic","21.84, 2.24, 9.05, 20.54, 23.59, 28.47, 31.61, 36.13, 38.81, 41.89, 43.91, 45.59, 46.02, 46.24, 45.65, 44.63, 43.35, 41.45, 40.08, 37.05, 35.59, 32.44, 30.83, 27.38, 26.73, 24.4, 23.14, 21.26, 20.51, 18.44, 18.22, 16.65, 17.06, 15.73, 15.41, 14.38, 14, 13.97, 12.97","3.08, 0.1, 0.37, 0.67, 0.73, 0.84, 0.9, 0.98, 1.02, 1.07, 1.1, 1.13, 1.13, 1.14, 1.13, 1.11, 1.09, 1.06, 1.04, 0.99, 0.97, 0.91, 0.88, 0.81, 0.8, 0.75, 0.72, 0.68, 0.66, 0.61, 0.61, 0.57, 0.58, 0.54, 0.53, 0.51, 0.5, 0.49, 0.47",-347.43,-3003.07,-187.87,-2843.51,214.71,1542.53,3,3,"#B0BBCFFF",311.111111111111,322.222222222222,333.333333333333,344.444444444444,355.555555555556,366.666666666667,377.777777777778,388.888888888889,400,411.111111111111,422.222222222222,433.333333333333,444.444444444444,455.555555555556,466.666666666667,477.777777777778,488.888888888889,500,511.111111111111,522.222222222222,533.333333333333,544.444444444444,555.555555555556,566.666666666667,577.777777777778,588.888888888889,600,611.111111111111,622.222222222222,633.333333333333,644.444444444444,655.555555555556,666.666666666667,677.777777777778,688.888888888889,300,700
"TanCya","12.85, 0.83, 8, 12.52, 19.92, 27.28, 35.59, 41.06, 41.7, 37.42, 32.81, 28.97, 26.91, 25.33, 25.11, 25.44, 26.73, 28.46, 31.83, 34.31, 39.79, 44.79, 50.97, 54.78, 55.66, 53.25, 46.13, 36.09, 26.77, 18.53, 12.36, 7.48, 4.36, 1.9, 0.29, -0.83, -1.49, -3.01, -2.02","2.55, 0.09, 0.51, 0.68, 0.95, 1.14, 1.33, 1.44, 1.45, 1.37, 1.27, 1.18, 1.13, 1.09, 1.08, 1.09, 1.13, 1.17, 1.25, 1.3, 1.41, 1.5, 1.61, 1.66, 1.67, 1.64, 1.53, 1.35, 1.14, 0.9, 0.68, 0.47, 0.3, 0.14, 0.02, -0.06, -0.12, -0.26, -0.17",-321.06,-2469.2,-161.5,-2309.65,201.53,1275.6,3,3,"#ACC89EFF",311.111111111111,322.222222222222,333.333333333333,344.444444444444,355.555555555556,366.666666666667,377.777777777778,388.888888888889,400,411.111111111111,422.222222222222,433.333333333333,444.444444444444,455.555555555556,466.666666666667,477.777777777778,488.888888888889,500,511.111111111111,522.222222222222,533.333333333333,544.444444444444,555.555555555556,566.666666666667,577.777777777778,588.888888888889,600,611.111111111111,622.222222222222,633.333333333333,644.444444444444,655.555555555556,666.666666666667,677.777777777778,688.888888888889,300,700
"TanLar","7.5, -0.72, 0.2, -1.03, -0.35, 0.54, -0.04, 0.82, 0.54, 0.25, 0.58, 0.85, 2.29, 5.15, 8.34, 12.07, 14.63, 17, 18.04, 19.71, 21.22, 23.28, 25.65, 28.2, 32.41, 36.34, 40.52, 45.67, 52.37, 58.14, 65.36, 72.63, 77.5, 81.27, 80.9, 78.63, 73.18, 68.76, 67.52","2.02, -0.1, 0.03, -0.16, -0.04, 0.06, 0, 0.1, 0.07, 0.03, 0.08, 0.11, 0.28, 0.53, 0.76, 0.96, 1.08, 1.18, 1.23, 1.29, 1.34, 1.41, 1.49, 1.56, 1.67, 1.77, 1.86, 1.96, 2.08, 2.17, 2.28, 2.37, 2.43, 2.47, 2.47, 2.44, 2.38, 2.32, 2.3",-255.51,-1951.56,-95.95,-1792,168.75,1016.78,3,3,"#F29A66FF",311.111111111111,322.222222222222,333.333333333333,344.444444444444,355.555555555556,366.666666666667,377.777777777778,388.888888888889,400,411.111111111111,422.222222222222,433.333333333333,444.444444444444,455.555555555556,466.666666666667,477.777777777778,488.888888888889,500,511.111111111111,522.222222222222,533.333333333333,544.444444444444,555.555555555556,566.666666666667,577.777777777778,588.888888888889,600,611.111111111111,622.222222222222,633.333333333333,644.444444444444,655.555555555556,666.666666666667,677.777777777778,688.888888888889,300,700
"TanCyp","4.89, 0.88, -0.29, -0.08, -0.29, 0, -0.85, -0.5, 0.01, -0.27, -0.21, 0.08, -0.21, 0.05, -0.02, 0.22, 0.14, 0.33, 0.14, 0.52, 0.38, 0.51, 0.56, 0.52, 0.99, 0.83, 0.77, 1.16, 0.86, 0.96, 1.3, 0.97, 1.86, 1.56, 1.7, 1.28, 2.86, 1.23, 2.61","1.59, 0.17, -0.06, -0.03, -0.06, 0, -0.19, -0.11, 0, -0.06, -0.04, 0.02, -0.04, 0.01, 0, 0.05, 0.03, 0.07, 0.03, 0.1, 0.07, 0.1, 0.11, 0.1, 0.18, 0.16, 0.15, 0.21, 0.16, 0.18, 0.24, 0.18, 0.32, 0.28, 0.3, 0.24, 0.46, 0.23, 0.43",-357.86,-1544.53,-198.3,-1384.97,219.93,813.26,3,3,"#4D413CFF",311.111111111111,322.222222222222,333.333333333333,344.444444444444,355.555555555556,366.666666666667,377.777777777778,388.888888888889,400,411.111111111111,422.222222222222,433.333333333333,444.444444444444,455.555555555556,466.666666666667,477.777777777778,488.888888888889,500,511.111111111111,522.222222222222,533.333333333333,544.444444444444,555.555555555556,566.666666666667,577.777777777778,588.888888888889,600,611.111111111111,622.222222222222,633.333333333333,644.444444444444,655.555555555556,666.666666666667,677.777777777778,688.888888888889,300,700
"TanVir","5.85, 1.09, 0.37, 0.38, -0.04, -0.44, -0.74, -0.6, -0.62, -0.61, -0.68, -0.48, -0.71, -0.47, -0.58, -0.4, -0.44, -0.13, -0.63, -0.1, -0.17, -0.18, -0.22, -0.27, 0.39, 0.13, 0.05, 0.44, 0.13, 0.26, 0.52, 0.34, 0.7, 0.63, 0.91, 0.88, 1.75, 0.92, 1.38","1.77, 0.17, 0.06, 0.07, -0.01, -0.07, -0.14, -0.11, -0.11, -0.11, -0.12, -0.09, -0.13, -0.08, -0.1, -0.07, -0.08, -0.02, -0.11, -0.02, -0.03, -0.03, -0.04, -0.05, 0.07, 0.02, 0.01, 0.07, 0.02, 0.04, 0.09, 0.06, 0.11, 0.1, 0.14, 0.14, 0.26, 0.15, 0.21",-457.94,-1756.71,-298.39,-1597.15,269.97,919.35,3,3,"#4E423EFF",311.111111111111,322.222222222222,333.333333333333,344.444444444444,355.555555555556,366.666666666667,377.777777777778,388.888888888889,400,411.111111111111,422.222222222222,433.333333333333,444.444444444444,455.555555555556,466.666666666667,477.777777777778,488.888888888889,500,511.111111111111,522.222222222222,533.333333333333,544.444444444444,555.555555555556,566.666666666667,577.777777777778,588.888888888889,600,611.111111111111,622.222222222222,633.333333333333,644.444444444444,655.555555555556,666.666666666667,677.777777777778,688.888888888889,300,700
"TanHei","4.75, -3.07, -2.02, 1.32, -0.86, 0.18, 0.23, -0.75, -0.62, -0.37, -0.07, 0.11, -0.36, 0.08, 0.19, 0.34, 0.37, 0.67, 0.21, 0.97, 0.66, 1.17, 0.84, 0.56, 1.25, 1.51, 1.04, 1.13, 1.57, 1.85, 1.01, 0.74, 2.4, 1.92, 0.88, 1.21, 3.26, 1.85, 1.87","1.56, -1.01, -0.42, 0.25, -0.18, 0.03, 0.05, -0.17, -0.14, -0.08, -0.02, 0.02, -0.08, 0.02, 0.04, 0.07, 0.07, 0.13, 0.05, 0.19, 0.13, 0.22, 0.16, 0.11, 0.23, 0.28, 0.2, 0.21, 0.28, 0.33, 0.19, 0.15, 0.41, 0.34, 0.17, 0.24, 0.53, 0.33, 0.33",-112.34,-1032.48,47.21,-872.92,97.17,557.24,3,3,"#4E423CFF",311.111111111111,322.222222222222,333.333333333333,344.444444444444,355.555555555556,366.666666666667,377.777777777778,388.888888888889,400,411.111111111111,422.222222222222,433.333333333333,444.444444444444,455.555555555556,466.666666666667,477.777777777778,488.888888888889,500,511.111111111111,522.222222222222,533.333333333333,544.444444444444,555.555555555556,566.666666666667,577.777777777778,588.888888888889,600,611.111111111111,622.222222222222,633.333333333333,644.444444444444,655.555555555556,666.666666666667,677.777777777778,688.888888888889,300,700
"TanArg","2.43, 1.21, -0.46, -0.39, 0.98, 0, 0.19, 0.74, -0.35, 0.59, -0.02, 0.52, 0.2, 0.42, 0.38, 0.5, 0.44, 0.48, 0.42, 0.7, 0.57, 0.7, 0.55, 0.84, 0.63, 0.97, 0.61, 1.24, 0.63, 1.21, 0.86, 1, 0.78, 0.9, 1.04, 1.08, 1.05, 0.82, 0.81","0.89, 0.46, -0.24, -0.16, 0.38, -0.05, 0.09, 0.27, -0.13, 0.23, 0, 0.2, 0.08, 0.16, 0.14, 0.19, 0.17, 0.18, 0.16, 0.26, 0.21, 0.25, 0.2, 0.3, 0.23, 0.34, 0.23, 0.42, 0.23, 0.41, 0.3, 0.35, 0.28, 0.31, 0.35, 0.37, 0.36, 0.28, 0.29",-414.9,-1145.15,-255.34,-985.59,248.45,613.57,3,3,"#39302CFF",311.111111111111,322.222222222222,333.333333333333,344.444444444444,355.555555555556,366.666666666667,377.777777777778,388.888888888889,400,411.111111111111,422.222222222222,433.333333333333,444.444444444444,455.555555555556,466.666666666667,477.777777777778,488.888888888889,500,511.111111111111,522.222222222222,533.333333333333,544.444444444444,555.555555555556,566.666666666667,577.777777777778,588.888888888889,600,611.111111111111,622.222222222222,633.333333333333,644.444444444444,655.555555555556,666.666666666667,677.777777777778,688.888888888889,300,700
"ThrCyp","11.77, -0.67, 0.13, 2.8, 1.8, -0.03, 3.33, 5.12, 5.42, 3.35, 2.27, 3.02, 0.91, 0.86, 0.47, 0.74, 2.37, 2.71, 2.32, 5.61, 7.58, 8.42, 9.53, 10.28, 11.6, 9.39, 8.24, 6.98, 5.35, 3.61, 3.07, 1.81, 2.33, 1.34, 0.53, 1.46, 2.8, 1.13, 0.57","2.47, -0.06, 0.02, 0.21, 0.14, 0, 0.26, 0.36, 0.38, 0.25, 0.17, 0.23, 0.08, 0.07, 0.04, 0.06, 0.19, 0.21, 0.18, 0.4, 0.5, 0.54, 0.59, 0.63, 0.69, 0.59, 0.53, 0.47, 0.38, 0.27, 0.23, 0.14, 0.18, 0.11, 0.04, 0.12, 0.22, 0.09, 0.05",-65.92,-1943.21,93.63,-1783.65,73.96,1012.6,3,3,"#7B7A5EFF",311.111111111111,322.222222222222,333.333333333333,344.444444444444,355.555555555556,366.666666666667,377.777777777778,388.888888888889,400,411.111111111111,422.222222222222,433.333333333333,444.444444444444,455.555555555556,466.666666666667,477.777777777778,488.888888888889,500,511.111111111111,522.222222222222,533.333333333333,544.444444444444,555.555555555556,566.666666666667,577.777777777778,588.888888888889,600,611.111111111111,622.222222222222,633.333333333333,644.444444444444,655.555555555556,666.666666666667,677.777777777778,688.888888888889,300,700
"ThrAbb","16.54, 1.66, 3.83, 7.07, 13.06, 16.5, 20.89, 26.89, 31.29, 34.34, 32.38, 28.48, 22.39, 17.1, 12.63, 8.85, 6.82, 4.7, 2.7, 2.28, 1.24, 0.49, -0.25, -0.59, -0.62, -1.28, -1.32, -1.73, -1.54, -2.11, -1.65, -1.89, -2.35, -2.07, -2.22, -1.92, -1.93, -2.61, -1.96","2.81, 0.1, 0.21, 0.37, 0.58, 0.7, 0.82, 0.97, 1.06, 1.12, 1.08, 1, 0.86, 0.71, 0.57, 0.43, 0.35, 0.25, 0.15, 0.13, 0.07, 0.03, -0.01, -0.04, -0.04, -0.08, -0.08, -0.11, -0.1, -0.14, -0.11, -0.12, -0.15, -0.13, -0.14, -0.12, -0.12, -0.17, -0.13",-397.18,-2562.2,-237.62,-2402.64,239.59,1322.1,3,3,"#716D8EFF",311.111111111111,322.222222222222,333.333333333333,344.444444444444,355.555555555556,366.666666666667,377.777777777778,388.888888888889,400,411.111111111111,422.222222222222,433.333333333333,444.444444444444,455.555555555556,466.666666666667,477.777777777778,488.888888888889,500,511.111111111111,522.222222222222,533.333333333333,544.444444444444,555.555555555556,566.666666666667,577.777777777778,588.888888888889,600,611.111111111111,622.222222222222,633.333333333333,644.444444444444,655.555555555556,666.666666666667,677.777777777778,688.888888888889,300,700
"ThrPal","11.45, 2.59, 6.51, 12.53, 15.59, 21.28, 24.9, 29.54, 29.15, 28.85, 21.81, 14.59, 9.79, 2.39, 4.58, -0.67, 0.33, 4.05, -0.75, 1.22, 8.47, 10.62, 10.22, 10.21, 10.12, 9.64, 9.17, 9.23, 9.02, 8.92, 8.62, 8.49, 8.19, 8.14, 8.45, 7.96, 7.93, 8.3, 7.91","2.44, 0.22, 0.47, 0.74, 0.86, 1.05, 1.16, 1.28, 1.26, 1.26, 1.07, 0.83, 0.64, 0.21, 0.34, -0.04, 0.02, 0.33, -0.07, 0.12, 0.57, 0.65, 0.64, 0.64, 0.63, 0.61, 0.59, 0.59, 0.58, 0.58, 0.56, 0.55, 0.54, 0.54, 0.55, 0.53, 0.53, 0.55, 0.53",-335.13,-2586.81,-175.57,-2427.25,208.56,1334.41,3,3,"#8B7864FF",311.111111111111,322.222222222222,333.333333333333,344.444444444444,355.555555555556,366.666666666667,377.777777777778,388.888888888889,400,411.111111111111,422.222222222222,433.333333333333,444.444444444444,455.555555555556,466.666666666667,477.777777777778,488.888888888889,500,511.111111111111,522.222222222222,533.333333333333,544.444444444444,555.555555555556,566.666666666667,577.777777777778,588.888888888889,600,611.111111111111,622.222222222222,633.333333333333,644.444444444444,655.555555555556,666.666666666667,677.777777777778,688.888888888889,300,700
"ThrOrn","26.62, 2.18, 3.78, 6.82, 8.85, 6.64, 8.4, 10.28, 11.85, 13.23, 12.79, 14.52, 11.16, 8.3, 6.09, 0.65, 1.14, -1.77, -5.4, -3.99, -4.92, -6.41, -7.72, -7.98, -8.18, -9.19, -9.89, -9.43, -9.88, -10.88, -10.88, -10.38, -9.84, -10.9, -11.48, -9.77, -9.86, -11.05, -11.11","3.28, 0.08, 0.13, 0.23, 0.29, 0.22, 0.28, 0.33, 0.37, 0.4, 0.39, 0.44, 0.35, 0.27, 0.21, 0.03, 0.04, -0.07, -0.22, -0.16, -0.2, -0.28, -0.34, -0.36, -0.37, -0.42, -0.46, -0.44, -0.46, -0.53, -0.53, -0.49, -0.46, -0.53, -0.56, -0.46, -0.46, -0.53, -0.54",-73.46,-2417.1,86.1,-2257.55,77.73,1249.55,3,3,"#757693FF",311.111111111111,322.222222222222,333.333333333333,344.444444444444,355.555555555556,366.666666666667,377.777777777778,388.888888888889,400,411.111111111111,422.222222222222,433.333333333333,444.444444444444,455.555555555556,466.666666666667,477.777777777778,488.888888888889,500,511.111111111111,522.222222222222,533.333333333333,544.444444444444,555.555555555556,566.666666666667,577.777777777778,588.888888888889,600,611.111111111111,622.222222222222,633.333333333333,644.444444444444,655.555555555556,666.666666666667,677.777777777778,688.888888888889,300,700
"ThrSay","7.72, 1.7, 1.9, 4, 5.85, 6.48, 7.58, 8.84, 10.4, 11.06, 11.06, 10.97, 9.95, 9.66, 9.11, 8.57, 9.36, 9.57, 9.6, 11.18, 12.52, 13.67, 14.77, 15.65, 16.97, 17.53, 17.35, 17.29, 16.44, 15.31, 14.35, 13.38, 12.77, 11.88, 11.29, 11.06, 11.03, 10.57, 10.38","2.04, 0.22, 0.22, 0.44, 0.57, 0.62, 0.69, 0.77, 0.86, 0.9, 0.9, 0.89, 0.84, 0.82, 0.79, 0.75, 0.8, 0.81, 0.82, 0.91, 0.97, 1.03, 1.08, 1.12, 1.17, 1.19, 1.19, 1.18, 1.15, 1.1, 1.06, 1.01, 0.98, 0.94, 0.91, 0.9, 0.89, 0.87, 0.86",-307.26,-2135.26,-147.7,-1975.7,194.63,1108.63,3,3,"#937F6CFF",311.111111111111,322.222222222222,333.333333333333,344.444444444444,355.555555555556,366.666666666667,377.777777777778,388.888888888889,400,411.111111111111,422.222222222222,433.333333333333,444.444444444444,455.555555555556,466.666666666667,477.777777777778,488.888888888889,500,511.111111111111,522.222222222222,533.333333333333,544.444444444444,555.555555555556,566.666666666667,577.777777777778,588.888888888889,600,611.111111111111,622.222222222222,633.333333333333,644.444444444444,655.555555555556,666.666666666667,677.777777777778,688.888888888889,300,700
"ThrEpi","15.7, 2.35, 2.66, 10.23, 11.87, 15.61, 19.17, 20.7, 21.43, 20.02, 18.61, 16.89, 16.17, 15.8, 16.35, 17.27, 18.17, 20.43, 21.56, 24.36, 26.63, 28.26, 28.91, 27.76, 26.68, 24.08, 21.37, 18.95, 17.02, 14.7, 14.15, 12.9, 12.51, 11.99, 11.93, 11.4, 11.46, 12.84, 11.7","2.75, 0.14, 0.17, 0.51, 0.56, 0.7, 0.8, 0.84, 0.86, 0.82, 0.78, 0.73, 0.71, 0.7, 0.71, 0.74, 0.77, 0.83, 0.86, 0.94, 0.99, 1.03, 1.04, 1.02, 0.99, 0.93, 0.86, 0.79, 0.74, 0.66, 0.64, 0.6, 0.59, 0.57, 0.57, 0.55, 0.55, 0.6, 0.56",-337.73,-2702.52,-178.17,-2542.97,209.87,1392.26,3,3,"#A1AA94FF",311.111111111111,322.222222222222,333.333333333333,344.444444444444,355.555555555556,366.666666666667,377.777777777778,388.888888888889,400,411.111111111111,422.222222222222,433.333333333333,444.444444444444,455.555555555556,466.666666666667,477.777777777778,488.888888888889,500,511.111111111111,522.222222222222,533.333333333333,544.444444444444,555.555555555556,566.666666666667,577.777777777778,588.888888888889,600,611.111111111111,622.222222222222,633.333333333333,644.444444444444,655.555555555556,666.666666666667,677.777777777778,688.888888888889,300,700
"TanRuf","3.42, -1.91, 0.44, -1.22, 0.18, -0.64, 0.24, 0.09, -0.02, -0.06, 0.26, 0.39, 0.82, 1.19, 1.7, 2.39, 2.99, 3.79, 3.97, 5.23, 5.87, 6.57, 7.1, 7.92, 9.29, 10.07, 11, 11.8, 12.62, 13.25, 14.64, 14.65, 16.02, 16.15, 17.24, 17.3, 18, 18.7, 18.02","1.23, -0.64, 0.15, -0.4, 0.07, -0.2, 0.07, 0.03, -0.01, -0.02, 0.08, 0.11, 0.22, 0.3, 0.41, 0.53, 0.63, 0.74, 0.77, 0.93, 1, 1.07, 1.12, 1.2, 1.31, 1.37, 1.44, 1.49, 1.54, 1.58, 1.66, 1.66, 1.74, 1.74, 1.8, 1.8, 1.83, 1.87, 1.83",-514.83,-1489.36,-355.27,-1329.8,298.41,785.68,3,3,"#835B3BFF",311.111111111111,322.222222222222,333.333333333333,344.444444444444,355.555555555556,366.666666666667,377.777777777778,388.888888888889,400,411.111111111111,422.222222222222,433.333333333333,444.444444444444,455.555555555556,466.666666666667,477.777777777778,488.888888888889,500,511.111111111111,522.222222222222,533.333333333333,544.444444444444,555.555555555556,566.666666666667,577.777777777778,588.888888888889,600,611.111111111111,622.222222222222,633.333333333333,644.444444444444,655.555555555556,666.666666666667,677.777777777778,688.888888888889,300,700
